sku,name,brand,category,price,currency,features,specifications,target_audience,primary_keywords,secondary_keywords,usp,material,dimensions,color,weight,image_url
ELEC-HEAD-001,AuraSound Pro Wireless Headphones,AuraSound,Electronics,199.99,USD,"Active Noise Cancellation, 40-hour Battery Life, Spatial Audio, Multipoint Bluetooth 5.3","{""Driver Size"": ""40mm"", ""Weight"": ""250g"", ""Charging"": ""USB-C Fast Charge"", ""Color"": ""Matte Black""}","Audiophiles, remote workers, and frequent travelers","wireless noise cancelling headphones, over ear headphones","bluetooth headset, long battery headphones",Studio-grade acoustics with hybrid noise cancellation technology,Magnesium Alloy & Memory Foam,7.5 x 6.2 x 3.1 inches,Matte Black,250g,https://images.unsplash.com/photo-1505740420928-5e560c06d30e?auto=format&fit=crop&w=600&q=80
ELEC-WATCH-002,PulseTrack V4 Smart Fitness Watch,PulseTrack,Electronics,149.5,USD,"Continuous SpO2 & ECG Monitor, 50m Water Resistance, GPS Tracking, 7-Day Battery","{""Display"": ""1.4-inch AMOLED"", ""Sensors"": ""Heart Rate, Optical, Accelerometer"", ""Compatibility"": ""iOS & Android""}","Athletes, runners, and fitness enthusiasts","smart fitness watch, health tracker watch","waterproof smartwatch, gps activity tracker",Medical-grade accuracy in an ultralight waterproof watch,Aluminum & Silicone Band,1.6 x 1.4 x 0.4 inches,Midnight Blue,42g,https://images.unsplash.com/photo-1523275335684-37898b6baf30?auto=format&fit=crop&w=600&q=80
ELEC-SPKR-003,VibePulse 360 Portable Speaker,VibePulse,Electronics,89.99,USD,"360-Degree Surround Sound, IP67 Dust & Water Proof, PartyConnect Sync, 20-Hour Playtime","{""Output Power"": ""30W RMS"", ""Bluetooth"": ""5.2"", ""Battery"": ""5200mAh""}","Outdoor adventurers, party hosts, and beachgoers","portable bluetooth speaker, waterproof outdoor speaker","360 degree speaker, loud wireless speaker",Deep booming bass in a floating waterproof enclosure,Rubberized Polymer & Fabric Mesh,8.0 x 3.5 x 3.5 inches,Forest Green,680g,https://images.unsplash.com/photo-1608043152269-423dbba4e7e1?auto=format&fit=crop&w=600&q=80
ELEC-CAM-004,ApexShot 4K Vlog Mirrorless Camera,ApexShot,Electronics,799.0,USD,"4K 60fps Uncropped Video, Flip-out Touchscreen, AI Eye Tracking AF, Built-in Directional Mic","{""Sensor"": ""24.2MP APS-C CMOS"", ""ISO Range"": ""100-32000"", ""Mount"": ""E-Mount""}","Content creators, YouTubers, and travel photographers","4k vlogging camera, mirrorless video camera","youtube camera, autofocus vlog camera",Cinematic 4K clarity with intuitive eye-tracking autofocus,Polycarbonate body,4.7 x 2.6 x 2.3 inches,Graphite Grey,388g,https://images.unsplash.com/photo-1516035069371-29a1b244cc32?auto=format&fit=crop&w=600&q=80
ELEC-MON-005,VisionPro 34-Inch Ultrawide Curved Monitor,VisionPro,Electronics,499.99,USD,"UWQHD 3440x1440 Resolution, 144Hz Refresh Rate, 1ms Response Time, HDR400 Support","{""Curvature"": ""1500R"", ""Panel"": ""VA LED"", ""Ports"": ""2x HDMI 2.1, 1x DP 1.4""}","Gamers, video editors, and power productivity users","34 inch curved monitor, ultrawide gaming monitor","144hz uwqhd screen, curved display for work",Immersive 1500R curvature for panoramic focus and lag-free gaming,Aluminum stand,31.8 x 18.2 x 9.4 inches,Matte Black,7.8kg,https://images.unsplash.com/photo-1527443224154-c4a3942d3acf?auto=format&fit=crop&w=600&q=80
ELEC-BANK-006,VoltMax 25000mAh Laptop Power Bank,VoltMax,Electronics,79.99,USD,"100W USB-C Power Delivery, TSA Approved Flight Capacity, Smart LED Status Display, Charge 3 Devices Simultaneously","{""Total Output"": ""145W"", ""Battery Cell"": ""Li-ion"", ""Inputs"": ""USB-C 65W fast recharge""}","Digital nomads, business travelers, and students","laptop power bank, 100w fast charging battery","high capacity portable charger, usb c powerbank",Full-speed 100W MacBook charging in a flight-certified battery pack,Fireproof Anodized Aluminum,6.2 x 3.1 x 1.0 inches,Space Grey,490g,https://images.unsplash.com/photo-1609592424074-8848b813f8aa?auto=format&fit=crop&w=600&q=80
ELEC-EAR-007,ClearTone Air True Wireless Earbuds,ClearTone,Electronics,69.0,USD,"Environmental Noise Cancellation Mic, IPX5 Sweatproof, Wireless Charging Case, Low Latency Gaming Mode","{""Battery"": ""6 hours + 24 hours case"", ""Bluetooth"": ""5.3"", ""Codec"": ""AAC, SBC""}","Commuters, fitness enthusiasts, and casual listeners","true wireless earbuds, bluetooth earbuds with mic","sweatproof wireless earphones, affordable TWS buds",Crystal clear voice calls with ergonomic zero-pressure fit,Polycarbonate,2.2 x 1.8 x 0.9 inches,Pearl White,45g,https://images.unsplash.com/photo-1590658268037-6bf12165a8df?auto=format&fit=crop&w=600&q=80
ELEC-LAP-008,NovaBook Pro 15 Ultra Thin Laptop,NovaBook,Electronics,1299.0,USD,"Intel Core i7 13th Gen Processor, 16GB LPDDR5 RAM, 1TB NVMe Gen4 SSD, 15.6-inch OLED Touch Display","{""Resolution"": ""2880 x 1800"", ""Battery"": ""75Wh, 14 hours"", ""OS"": ""Windows 11 Pro""}","Software developers, creative professionals, and executives","ultra thin laptop, oled touchscreen laptop","intel i7 business laptop, lightweight 15 inch notebook",Stunning 2.8K OLED display paired with sleek 1.2kg ultrabook body,CNC Aluminum Chassis,14.1 x 9.2 x 0.59 inches,Starlight Silver,1.25kg,https://images.unsplash.com/photo-1496181133206-80ce9b88a853?auto=format&fit=crop&w=600&q=80
ELEC-TAB-009,OmniPad Air 11-Inch Stylus Tablet,OmniPad,Electronics,499.0,USD,"120Hz Liquid Motion Display, 4096 Levels Pressure Stylus Included, Quad Speaker Stereo System, WiFi 6E Connectivity","{""Storage"": ""256GB"", ""RAM"": ""8GB"", ""Processor"": ""Octa-Core 3.2GHz""}","Digital artists, students, and mobile professionals","stylus tablet for drawing, 11 inch 120hz tablet","android drawing tablet, quad speaker tablet",Paper-like stylus writing response with 120Hz high refresh rate,Anodized Aluminum,9.8 x 6.5 x 0.24 inches,Space Black,480g,https://images.unsplash.com/photo-1544244015-0df4b3ffc6b0?auto=format&fit=crop&w=600&q=80
ELEC-KEY-010,TactilePro RGB Mechanical Gaming Keyboard,TactilePro,Electronics,119.99,USD,"Hot-Swappable Mechanical Switches, Per-Key RGB Backlighting, PBT Double-Shot Keycaps, Detachable Braided Type-C Cable","{""Layout"": ""75% Compact"", ""Switch Type"": ""Gateron Yellow Linear"", ""Polling Rate"": ""1000Hz""}","Gamers, programmers, and mechanical keyboard enthusiasts","rgb mechanical keyboard, hot swappable gaming keyboard","75 percent mechanical keyboard, pbt keycaps keyboard",Smooth pre-lubed linear switches for creamy acoustics and rapid response,PBT Plastics & Aluminum Plate,12.8 x 5.5 x 1.4 inches,Retro White & Teal,950g,https://images.unsplash.com/photo-1587829741301-dc798b83add3?auto=format&fit=crop&w=600&q=80
ELEC-MIC-011,VocalCraft Studio USB Condenser Microphone,VocalCraft,Electronics,129.0,USD,"24-bit / 96kHz High-Res Audio, Cardioid & Omnidirectional Polar Patterns, Zero-Latency Headphone Monitoring, Touch Mute Sensor","{""Frequency Response"": ""20Hz - 20kHz"", ""Connection"": ""USB-C Plug & Play""}","Podcasters, streamers, voiceover artists, and remote workers","usb condenser microphone, streaming podcast mic","studio quality usb mic, cardioid microphone for pc",Broadcast-grade warmth and clarity with touch-sensitive instant mute,Die-Cast Zinc Body,8.5 x 3.8 x 3.8 inches,Matte Black,710g,https://images.unsplash.com/photo-1590602847861-f357a9332bbc?auto=format&fit=crop&w=600&q=80
ELEC-DRON-012,SkyHawk 4K GPS Mini Drone,SkyHawk,Electronics,399.0,USD,"Under 249g No FAA Registration Required, 3-Axis Gimbal 4K HDR Video, 30-Minute Flight Time, 10km HD Video Transmission","{""Max Speed"": ""16 m/s"", ""Obstacle Sensing"": ""Downward & Rear Sensors""}","Travelers, real estate videographers, and drone beginners","4k mini drone under 249g, gps camera drone","3 axis gimbal drone, portable folding drone",Ultra-portable folding drone delivering buttery smooth 4K videos without FAA hassle,Lightweight Composite,5.5 x 3.2 x 2.2 inches (Folded),Arctic White,242g,https://images.unsplash.com/photo-1527977966376-1c8408f9f108?auto=format&fit=crop&w=600&q=80
ELEC-PROJ-013,CineBeam 1080P Smart Portable Projector,CineBeam,Electronics,279.99,USD,"Native 1080P Full HD with 4K Input Support, Auto Focus & Auto Keystone Correction, Built-In Android TV & Netflix, Dual 5W Dolby Audio Speakers","{""Brightness"": ""500 ANSI Lumens"", ""Projection Size"": ""40 to 150 inches""}","Movie lovers, outdoor camping hosts, and gamers","portable smart projector, 1080p outdoor movie projector","autofocus mini projector, android tv projector",Instant auto-focus rectangular projection on any wall or screen,ABS Plastic & Fabric Mesh,6.0 x 5.2 x 4.1 inches,Charcoal Grey,1.1kg,https://images.unsplash.com/photo-1536440136628-849c177e76a1?auto=format&fit=crop&w=600&q=80
ELEC-VR-014,AuraVR Pro Wireless All-in-One VR Headset,AuraVR,Electronics,449.0,USD,"4K Dual LCD Display (2160x2160 Per Eye), Pass-Through Mixed Reality Color Cameras, Hand Tracking & Ergonomic Touch Controllers, Spatial 3D Audio","{""Refresh Rate"": ""120Hz"", ""Storage"": ""256GB"", ""Processor"": ""Snapdragon XR2 Gen 2""}","VR gamers, virtual meeting attendees, and tech enthusiasts","all in one vr headset, mixed reality 4k headset","wireless gaming vr, 120hz virtual reality headset",Next-gen standalone mixed reality immersion without tether cables,Soft Fabric Strap & Polycarbonate Shell,7.8 x 4.5 x 3.8 inches,Glacier White,515g,https://images.unsplash.com/photo-1622979135225-d2ba269bc1bd?auto=format&fit=crop&w=600&q=80
ELEC-SSD-015,VelocityExtreme 2TB Portable NVMe SSD,VelocityExtreme,Electronics,169.99,USD,"Up to 2000MB/s Read/Write Speed, IP65 Water & Dust Resistance, 2-Meter Drop Protection, 256-bit AES Hardware Encryption","{""Interface"": ""USB 3.2 Gen 2x2"", ""Capacity"": ""2TB""}","4K video editors, photographers, gamers, and travelers","2tb portable nvme ssd, fast external solid state drive","rugged waterproof ssd, usb c external hard drive",Blazing fast 2000MB/s transfer speeds inside a drop-proof rubberized casing,Silicon Rubber & Aluminum Core,4.3 x 2.2 x 0.4 inches,Midnight Orange,78g,https://images.unsplash.com/photo-1597872200969-2b65d56bd16b?auto=format&fit=crop&w=600&q=80
ELEC-ROUT-016,NetSpeed WiFi 7 Tri-Band Mesh Router System,NetSpeed,Electronics,329.0,USD,"WiFi 7 Multi-Link Operation (MLO), Speed Up to 11 Gbps Across 3 Bands, Coverage Up to 6,000 Sq Ft, 10G Wideband Ethernet Port","{""Bands"": ""2.4GHz, 5GHz, 6GHz"", ""Supported Devices"": ""200+ Simultaneously""}","Smart homes, 4K/8K streamers, online gamers, and remote families","wifi 7 mesh router, tri band home mesh system","gigabit wireless router, high speed home network",Next-generation WiFi 7 technology delivering zero-lag gigabit coverage everywhere,Satin Polycarbonate,6.8 x 4.2 x 4.2 inches each,Pearl White,820g,https://images.unsplash.com/photo-1544197150-b99a580bb7a8?auto=format&fit=crop&w=600&q=80
ELEC-DASH-017,GuardDrive 4K Front and Rear Dash Cam,GuardDrive,Electronics,159.5,USD,"Real 4K Front + 1080P Rear Recording, Sony STARVIS 2 Night Vision Sensor, 5GHz Wi-Fi & GPS Location Logging, 24/7 Parking Surveillance Mode","{""FOV"": ""170\u00b0 Wide Angle Front, 140\u00b0 Rear"", ""Screen"": ""3.0 inch IPS""}","Car owners, rideshare drivers, and daily commuters","4k front rear dash cam, dual car security camera","sony starvis night vision dashcam, parking monitor car cam",Ultra-clear 4K license plate recording day or night with instant phone app access,Heat Resistant ABS,3.5 x 2.1 x 1.2 inches,Matte Black,120g,https://images.unsplash.com/photo-1508974239320-0a029497e820?auto=format&fit=crop&w=600&q=80
ELEC-HUB-018,SmartNest 10-Inch Touch Smart Home Hub,SmartNest,Electronics,189.99,USD,"10-Inch HD IPS Touchscreen, Built-In Thread & Zigbee Smart Hub, 13MP Auto-Framing Video Call Camera, Room-Filling Stereo Speakers","{""Resolution"": ""1280 x 800"", ""Microphones"": ""Far-field 3-mic array""}","Smart home enthusiasts, families, and seniors","smart home touch hub, 10 inch video call display","zigbee thread smart controller, voice assistant display",Central control touch panel for all smart devices with auto-framing HD calls,Fabric Base & Glass Display,9.9 x 7.1 x 3.9 inches,Chalk Grey,1.3kg,https://images.unsplash.com/photo-1558002038-1055907df827?auto=format&fit=crop&w=600&q=80
ELEC-ACT-019,ActionPro 5K Waterproof Sports Cam,ActionPro,Electronics,299.0,USD,"5.3K 60fps & 4K 120fps Slow-Mo, HyperSmooth 6.0 Image Stabilization, Waterproof Up to 33ft (10m) Without Housing, Dual Color LCD Screens","{""Sensor"": ""1/1.9\"" CMOS"", ""Battery"": ""1900mAh Enduro Cold Weather""}","Surfers, skiers, mountain bikers, and extreme sports enthusiasts","5k waterproof action camera, stabilized sports cam","4k 120fps slow mo camera, dual screen action cam",Gimbal-like stabilization in a rugged camera built for freezing snow and ocean waves,Rubberized Polycarbonate,2.8 x 2.0 x 1.3 inches,Dark Graphite,154g,https://images.unsplash.com/photo-1526170375885-4d8ecf77b99f?auto=format&fit=crop&w=600&q=80
ELEC-RING-020,AuraRing Smart Sleep and Health Ring,AuraRing,Electronics,249.0,USD,"24/7 Heart Rate, HRV & Body Temp Sensing, Sleep Stage Analytics & Readiness Score, Lightweight Titanium Design, 7-Day Battery with Wireless Dock","{""Water Resistance"": ""100 Meters"", ""Material"": ""Grade 5 Titanium""}","Biohackers, wellness seekers, and runners who dislike wristwatches","smart ring health tracker, titanium sleep tracking ring","hrv body temp wearable, waterproof smart ring",Screenless health and sleep insights packed inside a sleek titanium ring,Grade 5 Titanium & Biocompatible Inner Molding,Sizes 6-13,Matte Silver,4g,https://images.unsplash.com/photo-1605100804763-247f67b3557e?auto=format&fit=crop&w=600&q=80
ELEC-READ-021,PaperLite 7-Inch Waterproof E-Reader,PaperLite,Electronics,139.99,USD,"300 PPI Flush-Front E-Ink Carta Display, Adjustable Warm White to Amber Reading Light, IPX8 Waterproof for Bath & Pool Reading, 32GB Storage Holds 20,000+ Books","{""Battery"": ""Up to 10 Weeks"", ""Charging"": ""USB-C""}","Avid book readers, travelers, and nighttime readers","waterproof e-reader 300 ppi, adjustable warm light ereader","e-ink digital book reader, long battery life ereader",Glare-free paper reading experience in bright sunlight or pitch dark,Soft-Touch Polycarbonate,6.3 x 5.6 x 0.3 inches,Denim Blue,205g,https://images.unsplash.com/photo-1544716278-ca5e3f4abd8c?auto=format&fit=crop&w=600&q=80
ELEC-THER-022,EcoClimate Smart Learning Thermostat,EcoClimate,Electronics,179.0,USD,"Auto-Schedules Based on Household Habits, Geofencing Auto-Away Energy Saver, HVAC Monitoring & Maintenance Alerts, Compatible with Alexa/Google/Apple Home","{""Screen"": ""2.1-inch Mirrored Glass Display"", ""Compatibility"": ""95% of 24V Systems""}",Homeowners seeking energy bill savings and remote temperature control,"smart learning thermostat, wifi programmable thermostat","energy saving smart thermostat, geofencing hvac controller",Saves up to 15% on heating and 12% on cooling with automated schedule learning,Polished Steel & Mirror Glass,3.3 x 3.3 x 1.2 inches,Polished Brass,260g,https://images.unsplash.com/photo-1545259741-2ea3ebf61fa3?auto=format&fit=crop&w=600&q=80
ELEC-STUD-023,AudioPure 5-Inch Active Studio Monitors (Pair),AudioPure,Electronics,289.0,USD,"5-Inch Kevlar Low-Frequency Driver, 1-Inch Silk Dome Tweeter, Bi-Amplified 100W Class D Power, Room Acoustic Tuning Controls","{""Frequency Range"": ""52Hz - 35kHz"", ""Inputs"": ""XLR, 1/4\"" TRS, RCA""}","Music producers, sound engineers, content editors, and audiophiles","active studio monitors pair, 5 inch kevlar speaker monitors","music production speakers, bi amplified studio monitors",Flat frequency response and surgical audio accuracy for music mixing,MDF Wooden Cabinet & Kevlar Cone,11.2 x 7.0 x 9.5 inches each,Vinyl Black,9.6kg pair,https://images.unsplash.com/photo-1545454675-3531b543be5d?auto=format&fit=crop&w=600&q=80
ELEC-CHAR-024,MagTower 3-in-1 Foldable Magnetic Wireless Charger,MagTower,Electronics,59.99,USD,"Simultaneous Fast Charging for Phone, Smartwatch & Earbuds, 15W MagSafe Snap Alignment, Foldable Travel Flat Design, Smart Foreign Object Detection","{""Input"": ""USB-C 30W PD Required"", ""Output"": ""15W Phone + 5W Watch + 5W Buds""}","Frequent flyers, nightstand clutter clearers, and Apple/Android users","3 in 1 magsafe wireless charger, foldable magnetic charging station","travel wireless charger stand, fast charging nightstand dock",Folds flat like a wallet to eliminate desk wire clutter anywhere in the world,Aluminum Alloy & Soft Silicone,3.2 x 3.0 x 0.9 inches (Folded),Space Grey,195g,https://images.unsplash.com/photo-1622445268465-843d63286121?auto=format&fit=crop&w=600&q=80
ELEC-CHIP-025,QuantumDrive PCIe 5.0 4TB Gaming SSD,QuantumDrive,Electronics,389.0,USD,"Extreme Read Speeds Up to 14,000 MB/s, Dedicated Aluminum Heatsink for Thermal Control, DirectStorage Enabled for Instantly Loaded Games, High Endurance 2400 TBW","{""Form Factor"": ""M.2 2280"", ""Interface"": ""NVMe PCIe Gen 5 x4""}","Hardcore PC gamers, 8K video editors, and AI workstations","pcie 5 0 nvme ssd 4tb, 14000 mb s gaming ssd","heatsink m2 ssd for pc, fastest internal ssd drive","Breaks bandwidth records with 14,000 MB/s speeds for zero game load screens",Anodized Black Aluminum Heatsink,3.1 x 0.9 x 0.4 inches,Matte Black & Gold Accent,45g,https://images.unsplash.com/photo-1597872200969-2b65d56bd16b?auto=format&fit=crop&w=600&q=80
FASH-JACK-026,UrbanShield All-Weather Waterproof Jacket,UrbanShield,Fashion,129.99,USD,"3-Layer Breathable Membrane, Seam-Sealed Zippers, Adjustable Storm Hood, Reflective Safety Trims","{""Waterproof Rating"": ""15,000mm"", ""Fit"": ""Regular Tailored"", ""Care"": ""Machine Wash Cold""}","Urban commuters, hikers, and outdoor enthusiasts","waterproof rain jacket, breathable outdoor jacket","windbreaker jacket, all weather coat",Ultimate storm protection paired with sleek urban aesthetics,100% Recycled Ripstop Polyester,Sizes S-XXL available,Charcoal Black,450g,https://images.unsplash.com/photo-1544441893-675973e31985?auto=format&fit=crop&w=600&q=80
FASH-SHOE-027,CloudStride Lightweight Running Shoes,CloudStride,Fashion,110.0,USD,"Responsive Nitrogen-Infused Foam, Engineered Knit Mesh Upper, High-Traction Rubber Outsole","{""Heel Drop"": ""8mm"", ""Arch Support"": ""Neutral"", ""Use"": ""Road Running & Gym""}","Marathon runners, daily joggers, and walkers","lightweight running shoes, cushioned sneakers","breathable athletic shoes, road running footwear",Cloud-like cushioning engineered for high-mileage endurance,Flyknit Fabric & EVA Rubber,US Mens 7-13,Electric Crimson,230g,https://images.unsplash.com/photo-1542291026-7eec264c27ff?auto=format&fit=crop&w=600&q=80
FASH-DEN-028,HeritageFlex Slim Tapered Denim Jeans,HeritageFlex,Fashion,79.5,USD,"4-Way Comfort Stretch, Classic 5-Pocket Styling, Reinforced Stress Points, Eco-Wash Technology","{""Rise"": ""Mid-Rise"", ""Leg Opening"": ""14 inches"", ""Inseam"": ""30, 32, 34""}",Modern men seeking stylish comfort for everyday wear,"slim fit stretch jeans, men tapered denim","comfortable blue jeans, 5 pocket flexible denim",Authentic denim look with 4-way stretch unrestricted freedom,"98% Organic Cotton, 2% Elastane",Waist 28-40 inches,Vintage Indigo Wash,580g,https://images.unsplash.com/photo-1541099649105-f69ad21f3246?auto=format&fit=crop&w=600&q=80
FASH-SWEAT-029,CozyHaven Organic Fleece Hoodie,CozyHaven,Fashion,59.99,USD,"Double-Lined Hood with Drawstring, Kangaroo Front Pocket, Ribbed Cuffs and Hem, Pre-Shrunk Fabric","{""Weight"": ""350 GSM Heavyweight"", ""Fit"": ""Relaxed Oversized""}","Loungewear lovers, college students, and casual wearers","organic cotton hoodie, heavyweight fleece sweatshirt","cozy pullover hoodie, relaxed fit sweater",Ultra-soft 350 GSM organic fleece built for lasting cozy warmth,100% Organic French Terry Cotton,Unisex XS-XXL,Oatmeal Heather,620g,https://images.unsplash.com/photo-1556905055-8f358a7a47b2?auto=format&fit=crop&w=600&q=80
FASH-SUN-030,SolStyle Polarized Aviator Sunglasses,SolStyle,Fashion,45.0,USD,"UV400 100% Sun Protection, TAC Polarized Lenses, Ultra-Lightweight Metal Frame, Spring Hinges","{""Lens Width"": ""58mm"", ""Bridge"": ""14mm"", ""Temple Length"": ""138mm""}","Drivers, beach lovers, and fashion-forward individuals","polarized aviator sunglasses, uv400 metal frame shades","driving sunglasses, classic unisex eyewear",Glare-free optical precision wrapped in a timeless metal frame,Monel Metal & TAC Lens,Standard Adult,Gold Frame / Dark Green Lens,28g,https://images.unsplash.com/photo-1511499767150-a48a237f0083?auto=format&fit=crop&w=600&q=80
FASH-BAG-031,LuxeLeather Minimalist Tote Handbag,LuxeLeather,Fashion,185.0,USD,"Padded Laptop Sleeve (Up to 15""), Magnetic Snap Closure, Interior Zippered Valuables Pocket, Gold-Plated Brass Hardware","{""Strap Drop"": ""10 inches"", ""Capacity"": ""16 Liters""}","Working professionals, executives, and stylish travelers","leather laptop tote bag, women work handbag","minimalist tote, genuine leather shoulder bag",Full-grain supple leather structured to carry laptops and work essentials with grace,Full-Grain Cowhide Leather,15.5 x 12.0 x 5.5 inches,Cognac Tan,850g,https://images.unsplash.com/photo-1584917865442-de89df76afd3?auto=format&fit=crop&w=600&q=80
FASH-SOCK-032,ThermaWool Merino Hiking Socks (3-Pack),ThermaWool,Fashion,29.99,USD,"Moisture-Wicking Merino Wool, Targeted Heel & Toe Cushioning, Arch Compression Support, Seamless Toe Closure","{""Height"": ""Crew Sock"", ""Pack Size"": ""3 Pairs""}","Hikers, campers, winter walkers, and outdoor workers","merino wool hiking socks, cushioned crew socks","anti blister socks, warm moisture wicking socks",Blister-free thermal regulation that keeps feet dry in all seasons,"70% Merino Wool, 25% Nylon, 5% Elastane",Shoe Sizes 6-12,Olive / Charcoal / Navy,180g,https://images.unsplash.com/photo-1586350977771-b3b0abd50c82?auto=format&fit=crop&w=600&q=80
FASH-BELT-033,CraftLeather Full Grain Italian Belt,CraftLeather,Fashion,49.0,USD,"100% Italian Full-Grain Vegetable Tanned Leather, Solid Brass Brushed Buckle, Single-Stitch Reinforced Edges, Beveled Burnished Edges","{""Width"": ""1.4 inches (35mm)"", ""Sizing"": ""Waist 30-44 inches""}",Men seeking classic dress and casual belt durability,"full grain leather belt, italian dress leather belt","brass buckle belt, casual men brown belt",Hand-burnished Italian leather that develops a magnificent personalized patina,Full-Grain Italian Leather & Brass,1.4 inch width,Mahogany Brown,190g,https://images.unsplash.com/photo-1624222247344-550fb60583dc?auto=format&fit=crop&w=600&q=80
FASH-TREN-034,VogueParis Double-Breasted Trench Coat,VogueParis,Fashion,219.0,USD,"Water-Resistant Cotton Twill, Removable Waist Tie Belt, Classic Epaulettes & Gun Flap, Deep Storm Pockets","{""Length"": ""Mid-Calf"", ""Lining"": ""100% Satin Viscose""}","Fashion-conscious women, city commuters, and travelers","double breasted trench coat, women waterproof trench","classic beige trench coat, elegant belted spring coat",Timeless Parisian silhouette tailored in water-repellent gabardine twill,100% Cotton Twill,Sizes XS-XL,Classic Beige Honey,920g,https://images.unsplash.com/photo-1591047139829-d91aecb6caea?auto=format&fit=crop&w=600&q=80
FASH-SWEA-035,AlpineKnit Chunky Merino Wool Sweater,AlpineKnit,Fashion,125.0,USD,"100% Australian Extra-Fine Merino Wool, Intricate Cable Knit Pattern, Ribbed Crew Neckline & Cuffs, Itch-Free Ultra Soft Feel","{""Knit Gauge"": ""Heavy 5-Gauge"", ""Fit"": ""Classic Tailored""}","Winter style seekers, cabin vacationers, and lovers of natural wool","chunky merino wool sweater, men cable knit pullover","warm winter wool jumper, itch free merino sweater",Heirloom cable knit warmth crafted from silky itch-free Australian merino,100% Merino Wool,Men's S-XXL,Cream Ivory,680g,https://images.unsplash.com/photo-1620799140408-edc6dcb6d633?auto=format&fit=crop&w=600&q=80
FASH-LOAF-036,MilanoCraft Leather Penny Loafers,MilanoCraft,Fashion,159.0,USD,"Hand-Burnished Calfskin Leather Upper, Goodyear Welted Leather Outsole, Memory Foam Padded Insole, Classic Saddle Strap Detail","{""Construction"": ""Goodyear Welted"", ""Closure"": ""Slip-On""}","Business professionals, smart-casual dressers, and wedding guests","men leather penny loafers, handcrafted dress loafers","goodyear welted slip on shoes, calfskin leather footwear",Hand-stitched Goodyear welted calfskin that offers custom ergonomic comfort over time,Calfskin Leather & Leather Sole,US Mens 7-13,Burnished Dark Walnut,440g,https://images.unsplash.com/photo-1614252235316-8c857d38b5f4?auto=format&fit=crop&w=600&q=80
FASH-SCAR-037,SilkFlora Hand-Printed 100% Silk Scarf,SilkFlora,Fashion,68.0,USD,"100% Pure Mulberry Silk (16 Momme), Hand-Rolled Hem Edges, Vibrant Botanical Watercolor Print, Hypoallergenic & Gentle on Hair","{""Dimensions"": ""35 x 35 inches (90x90cm Square)""}","Stylish women, luxury accessory gift buyers, and art lovers","pure mulberry silk scarf, hand printed botanical silk square","luxury head scarf silk, hand rolled hem silk shawl",Lustrous 16-momme mulberry silk with hand-rolled hems and original hand-painted artwork,100% Mulberry Silk,35.0 x 35.0 inches,Emerald & Blush Floral,65g,https://images.unsplash.com/photo-1601924994987-69e26d50dc26?auto=format&fit=crop&w=600&q=80
FASH-SHORT-038,VelocityPro 7-Inch Athletic Running Shorts,VelocityPro,Fashion,42.0,USD,"Lightweight 4-Way Stretch Fabric, Built-In Anti-Chafing Compression Liner, Zippered Phone Pocket on Hip, Laser-Cut Breathable Vent Holes","{""Inseam"": ""7 inches"", ""Waist"": ""Elastic with Internal Drawcord""}","Marathoners, gym enthusiasts, and Crossfit runners","running shorts with phone pocket, men athletic shorts with liner","anti chafing workout shorts, lightweight 7 inch shorts",Zero-bounce phone pocket inside a silky anti-chafing compression liner,"88% Polyester, 12% Spandex",Men S-XL,Slate Grey & Neon Yellow Accent,165g,https://images.unsplash.com/photo-1591195853828-11db59a44f6b?auto=format&fit=crop&w=600&q=80
FASH-BLAZ-039,SavileRow Italian Wool Unstructured Blazer,SavileRow,Fashion,279.0,USD,"Super 120s Italian Hopsack Wool, Unstructured Soft Shoulder Tailoring, Patch Pockets & Dual Back Vents, Half-Lined for Breathable Layering","{""Fit"": ""Modern Slim Fit"", ""Care"": ""Dry Clean Only""}","Modern businessmen, smart-casual wedding goers, and travelers","unstructured wool blazer, italian hopsack sport coat","men slim fit blazer, breathable navy dress jacket",Lightweight unstructured drape made from breathable Super 120s Italian wool,100% Italian Wool,Sizes 36R-46R,Deep Navy Blue,650g,https://images.unsplash.com/photo-1507679799987-c73779587ccf?auto=format&fit=crop&w=600&q=80
FASH-BOOT-040,TerraTrek Waterproof Leather Chelsea Boots,TerraTrek,Fashion,169.99,USD,"Waterproof Full-Grain Oiled Leather, Elastic Side Gore Panels for Easy Slip-On, Vibram High-Traction Rubber Lug Sole, Anti-Fatigue Removable Footbed","{""Shaft Height"": ""5.5 inches"", ""Sole"": ""Vibram Rubber""}","Urban explorers, commuters in wet weather, and stylish workers","waterproof leather chelsea boots, men rubber lug sole boots","vibram sole chelsea boot, slip on leather work boot",Rugged Vibram mountain grip hidden beneath a sleek waterproof Chelsea silhouette,Oiled Full-Grain Leather & Vibram Rubber,US Mens 7-13,Dark Espresso Brown,680g,https://images.unsplash.com/photo-1608256246200-53e635b5b65f?auto=format&fit=crop&w=600&q=80
FASH-PUFF-041,EcoLoft 700-Fill Recycled Down Puffer Vest,EcoLoft,Fashion,99.0,USD,"700-Fill Power Responsible Down Standard, DWR Durable Water Repellent Finish, Packable into Internal Pocket, Fleece-Lined Handwarmer Pockets","{""Weight"": ""280g Lightweight"", ""Insulation"": ""90/10 Down Feather""}","Hikers, commuters, campers, and fall/winter layermen","700 fill down puffer vest, packable lightweight vest","water resistant down gilet, recycled outerwear vest",Ultra-warm 700-fill down that compresses smaller than a water bottle,100% Recycled Ripstop Nylon,Men S-XXL,Matte Forest Olive,280g,https://images.unsplash.com/photo-1548883354-7622d03aca27?auto=format&fit=crop&w=600&q=80
FASH-BEAN-042,NordicWarm Merino Ribbed Beanie Hat,NordicWarm,Fashion,28.0,USD,"100% Pure Extra-Fine Merino Wool, Fold-Over Adjustable Cuff, Seamless Circular Knit Construction, Naturally Odor-Resistant","{""Sizing"": ""One Size Fits Most"", ""Weight"": ""70g""}","Skiers, winter commuters, and casual streetwear dressers","merino wool ribbed beanie, warm winter watch hat","cuffed merino knit cap, itchless soft beanie",Zero-itch pure merino wool delivering breathable warmth in a classic ribbed cuff style,100% Merino Wool,Unisex One Size,Charcoal Heather,70g,https://images.unsplash.com/photo-1576871337632-b9aef4c17ab9?auto=format&fit=crop&w=600&q=80
FASH-TEE-043,PureCotton Heavyweight 280 GSM Oversized Tee,PureCotton,Fashion,35.0,USD,"280 GSM Premium Combed Cotton, Drop Shoulder Boxy Streetwear Cut, Thick 1-Inch Ribbed Collar, Pre-Shrunk Organic Cotton","{""Fit"": ""Boxy Oversized"", ""Fabric Weight"": ""8.2 oz Heavyweight""}","Streetwear lovers, skaters, and casual fashion dressers","heavyweight 280 gsm t shirt, oversized boxy cotton tee","thick collar streetwear t-shirt, drop shoulder plain tee",Substantial 280 GSM combed cotton that holds its boxy streetwear shape wash after wash,100% Organic Combed Cotton,Unisex S-XL,Washed Vintage Black,310g,https://images.unsplash.com/photo-1521572267360-ee0c2909d518?auto=format&fit=crop&w=600&q=80
FASH-CHIN-044,FlexChino Stretch Athletic-Fit Pants,FlexChino,Fashion,69.5,USD,"3% Spandex Flex Stretch, Roomy Thighs with Tapered Ankle, Wrinkle-Resistant Easy Care, Hidden Zipper Security Pocket","{""Rise"": ""Mid-Rise"", ""Leg Opening"": ""13.5 inches""}","Men with athletic legs, office workers, and golf players","athletic fit stretch chinos, men wrinkle resistant pants","tapered casual dress trousers, comfortable flex chinos",Tailored for athletic thighs with 4-way stretch mobility for work and weekends,"97% Cotton, 3% Spandex",Waist 30-40 in,British Tan Khaki,460g,https://images.unsplash.com/photo-1473966968600-fa801b869a1a?auto=format&fit=crop&w=600&q=80
FASH-GLOV-045,WarmTouch Touchscreen Genuine Leather Gloves,WarmTouch,Fashion,48.0,USD,"Precision Touchscreen Compatibility on All 10 Fingers, 100% Supple Sheepskin Nappa Leather, 100% Pure Cashmere Thermal Lining, Elasticized Snug Wrist Cuff","{""Lining"": ""100% Soft Cashmere"", ""Sizing"": ""Men & Women S-XL""}","Winter commuters, smartphone users, and drivers","touchscreen leather gloves, cashmere lined sheepskin gloves","winter driving gloves men women, warm phone leather gloves",Ultra-soft cashmere warmth with 10-finger capacitive phone touchscreen control,Sheepskin Leather & Cashmere,Standard S-XL,Onyx Black,110g,https://images.unsplash.com/photo-1516762689617-e1cffcef479d?auto=format&fit=crop&w=600&q=80
FASH-SWIM-046,AquaFlex Quick-Dry 5-Inch Swim Trunks,AquaFlex,Fashion,45.0,USD,"Ultra Fast 3-Minute Quick Dry Fabric, Silky Smooth Built-in Mesh Compression Liner, Water-Repellent UPF 50+ Sun Protection, Key Loop & Zippered Back Pocket","{""Inseam"": ""5 inches"", ""Sun Rating"": ""UPF 50+""}","Beachgoers, swimmers, vacationers, and pool party hosts","5 inch quick dry swim trunks, men upf 50 swim shorts","compression liner beach shorts, fast drying board shorts",Dries in under 3 minutes with a buttery soft anti-chafing inner liner,"90% Recycled Polyester, 10% Elastane",Men S-XXL,Coral Red Palm Print,170g,https://images.unsplash.com/photo-1507525428034-b723cf961d3e?auto=format&fit=crop&w=600&q=80
FASH-DENJ-047,HeritageVintage Sherpa-Lined Denim Trucker Jacket,HeritageVintage,Fashion,119.0,USD,"13.5 oz Heavyweight Cotton Denim, Plush Warm Sherpa Fleece Lining, Quilted Smooth Sleeve Lining, Adjustable Waist Tabs & Metal Snap Buttons","{""Weight"": ""13.5 oz Raw Denim"", ""Fit"": ""Classic Regular""}","Casual style lovers, outdoor casual dressers, and denim fans","sherpa lined denim jacket, men fleece trucker jacket","warm winter jean jacket, heavyweight vintage denim coat",Rugged 13.5oz vintage denim insulated with thick cloud-soft sherpa fleece,100% Cotton Denim & Polyester Sherpa,Men S-XXL,Washed Stonewash Blue,1.1kg,https://images.unsplash.com/photo-1576995853123-5a10305d93c0?auto=format&fit=crop&w=600&q=80
FASH-ANKL-048,SuedeStyle Block Heel Ankle Bootie,SuedeStyle,Fashion,139.0,USD,"Water-Resistant Genuine Suede Upper, Comfortable 2.5-Inch Stacked Block Heel, Side Zipper for Quick On/Off, Cushioned OrthoLite Memory Foam Insole","{""Heel Height"": ""2.5 inches"", ""Shaft"": ""4.5 inches""}","Women dressers, office workers, and autumn fashion lovers","women suede ankle booties, stacked block heel boots","comfortable suede dress boots, water resistant women booties",All-day walkable 2.5-inch block heel combined with water-resistant velvet suede,Genuine Calf Suede & Rubber Sole,US Women 5-11,Taupe Sand,420g,https://images.unsplash.com/photo-1543163521-1bf539c55dd2?auto=format&fit=crop&w=600&q=80
FASH-PANT-049,LuxeLounge Bamboo Cashmere Jogger Pants,LuxeLounge,Fashion,75.0,USD,"Silky Soft Bamboo Fiber + Cashmere Blend, Thermal Temperature Regulating, Elastic Waistband with Metal Tipped Drawstring, Deep Tapered Side Pockets","{""Blend"": ""70% Bamboo Viscose, 25% Cotton, 5% Cashmere""}","Work-from-home workers, travelers, and luxury loungewear seekers","bamboo cashmere jogger pants, luxury soft sweatpants","breathable travel lounge pants, tapered bamboo joggers",Unrivaled silky softness that regulates temperature during travel or lounging,"70% Bamboo Viscose, 25% Cotton, 5% Cashmere",Unisex S-XL,Heather Heather Grey,380g,https://images.unsplash.com/photo-1552902865-b72c031ac5ea?auto=format&fit=crop&w=600&q=80
FASH-HAT-050,PanamaCraft Handwoven Fedora Straw Hat,PanamaCraft,Fashion,85.0,USD,"100% Handwoven Ecuadorian Toquilla Straw, UPF 50+ Sun Protection Brim, Interior Moisture-Wicking Sweatband, Classic Black Grosgrain Ribbon Band","{""Brim Width"": ""2.75 inches"", ""Grade"": ""Brisa Weave Grade 8""}","Resort travelers, summer fashion lovers, and beachgoers","handwoven panama straw hat, upf 50 fedora sun hat","ecuadorian straw fedora, resort summer straw hat",Genuine handwoven Ecuadorian Toquilla straw offering breathable UPF 50+ shade,100% Toquilla Straw,Brim 2.75 in,Natural Bleached Straw,110g,https://images.unsplash.com/photo-1514327605112-b887c0e61c0a?auto=format&fit=crop&w=600&q=80
HOME-COFF-051,BaristaCraft Espresso Machine,BaristaCraft,Home and Kitchen,349.99,USD,"15-Bar Italian Pump, Burr Grinder, PID Control","{""Warranty"": ""1 Year"", ""Quality"": ""Premium""}",Shoppers interested in home and kitchen,"baristacraft espresso machine, home and kitchen","baristacraft, retail product",Café quality espresso,High grade material,Standard dimensions,Default,Standard weight,https://images.unsplash.com/photo-1523275335684-37898b6baf30?auto=format&fit=crop&w=600&q=80
HOME-AIR-052,CrispChef Dual Zone Air Fryer,CrispChef,Home and Kitchen,139.99,USD,"Dual Independent Baskets, 8 Presets","{""Warranty"": ""1 Year"", ""Quality"": ""Premium""}",Shoppers interested in home and kitchen,"crispchef dual zone air fryer, home and kitchen","crispchef, retail product",Cook 2 foods 2 ways simultaneously,High grade material,Standard dimensions,Default,Standard weight,https://images.unsplash.com/photo-1523275335684-37898b6baf30?auto=format&fit=crop&w=600&q=80
HOME-KNIF-053,PrecisionBlade 8-inch Damascus Knife,PrecisionBlade,Home and Kitchen,85.0,USD,"67 Layer Damascus Steel, VG10 Core","{""Warranty"": ""1 Year"", ""Quality"": ""Premium""}",Shoppers interested in home and kitchen,"precisionblade 8-inch damascus knife, home and kitchen","precisionblade, retail product",Effortless precision slicing,High grade material,Standard dimensions,Default,Standard weight,https://images.unsplash.com/photo-1523275335684-37898b6baf30?auto=format&fit=crop&w=600&q=80
HOME-ROBO-054,CleanSweep X10 Robot Vacuum,CleanSweep,Home and Kitchen,429.0,USD,"LiDAR 3D Mapping, 4000Pa Suction, Self Empty","{""Warranty"": ""1 Year"", ""Quality"": ""Premium""}",Shoppers interested in home and kitchen,"cleansweep x10 robot vacuum, home and kitchen","cleansweep, retail product",Hands-free floor cleaning for 60 days,High grade material,Standard dimensions,Default,Standard weight,https://images.unsplash.com/photo-1523275335684-37898b6baf30?auto=format&fit=crop&w=600&q=80
HOME-PAN-055,IronChef 12-inch Cast Iron Skillet,IronChef,Home and Kitchen,38.99,USD,"Pre-seasoned Natural Oil, Oven Safe 500F","{""Warranty"": ""1 Year"", ""Quality"": ""Premium""}",Shoppers interested in home and kitchen,"ironchef 12-inch cast iron skillet, home and kitchen","ironchef, retail product",Heirloom durability for perfect searing,High grade material,Standard dimensions,Default,Standard weight,https://images.unsplash.com/photo-1523275335684-37898b6baf30?auto=format&fit=crop&w=600&q=80
HOME-BLEN-056,NutriBlend Max 1200W Blender,NutriBlend,Home and Kitchen,99.99,USD,"1200W Peak Motor, Extractor Blades","{""Warranty"": ""1 Year"", ""Quality"": ""Premium""}",Shoppers interested in home and kitchen,"nutriblend max 1200w blender, home and kitchen","nutriblend, retail product",Pulverizes ice and greens in 30 seconds,High grade material,Standard dimensions,Default,Standard weight,https://images.unsplash.com/photo-1523275335684-37898b6baf30?auto=format&fit=crop&w=600&q=80
HOME-SET-057,PureLinen 100% French Flax Sheet Set,PureLinen,Home and Kitchen,165.0,USD,"100% French Flax, Thermoregulating","{""Warranty"": ""1 Year"", ""Quality"": ""Premium""}",Shoppers interested in home and kitchen,"purelinen 100% french flax sheet set, home and kitchen","purelinen, retail product",Breathable vintage softness wash after wash,High grade material,Standard dimensions,Default,Standard weight,https://images.unsplash.com/photo-1523275335684-37898b6baf30?auto=format&fit=crop&w=600&q=80
HOME-POT-058,ChefMaster 6-Quart Enamel Dutch Oven,ChefMaster,Home and Kitchen,89.99,USD,"Heavy Enameled Cast Iron, Self-Basting Lid","{""Warranty"": ""1 Year"", ""Quality"": ""Premium""}",Shoppers interested in home and kitchen,"chefmaster 6-quart enamel dutch oven, home and kitchen","chefmaster, retail product",Superior heat retention for slow roasts,High grade material,Standard dimensions,Default,Standard weight,https://images.unsplash.com/photo-1523275335684-37898b6baf30?auto=format&fit=crop&w=600&q=80
HOME-VAC-059,CyclonePro Cordless Stick Vacuum,CyclonePro,Home and Kitchen,219.0,USD,"250W Brushless Motor, 45 Min Run Time","{""Warranty"": ""1 Year"", ""Quality"": ""Premium""}",Shoppers interested in home and kitchen,"cyclonepro cordless stick vacuum, home and kitchen","cyclonepro, retail product",Ultra lightweight 1.5kg cordless suction,High grade material,Standard dimensions,Default,Standard weight,https://images.unsplash.com/photo-1523275335684-37898b6baf30?auto=format&fit=crop&w=600&q=80
HOME-MUG-060,TempGuard Smart Heated Travel Mug,TempGuard,Home and Kitchen,119.0,USD,"App Temperature Control 120F-145F, 3 Hr Battery","{""Warranty"": ""1 Year"", ""Quality"": ""Premium""}",Shoppers interested in home and kitchen,"tempguard smart heated travel mug, home and kitchen","tempguard, retail product",Keeps coffee at your exact preferred temp,High grade material,Standard dimensions,Default,Standard weight,https://images.unsplash.com/photo-1523275335684-37898b6baf30?auto=format&fit=crop&w=600&q=80
HOME-JUIC-061,VitalJuice Cold Press Masticating Juicer,VitalJuice,Home and Kitchen,149.0,USD,"Slow 80 RPM Masticating Auger, Quiet Motor","{""Warranty"": ""1 Year"", ""Quality"": ""Premium""}",Shoppers interested in home and kitchen,"vitaljuice cold press masticating juicer, home and kitchen","vitaljuice, retail product",Yields 30% more juice with minimal oxidation,High grade material,Standard dimensions,Default,Standard weight,https://images.unsplash.com/photo-1523275335684-37898b6baf30?auto=format&fit=crop&w=600&q=80
HOME-KEG-062,HydroDraft Carbonated Growler 64oz,HydroDraft,Home and Kitchen,99.0,USD,"CO2 Carbonation Tap, Vacuum Insulated","{""Warranty"": ""1 Year"", ""Quality"": ""Premium""}",Shoppers interested in home and kitchen,"hydrodraft carbonated growler 64oz, home and kitchen","hydrodraft, retail product",Keeps draft beer fresh and fizzy for 2 weeks,High grade material,Standard dimensions,Default,Standard weight,https://images.unsplash.com/photo-1523275335684-37898b6baf30?auto=format&fit=crop&w=600&q=80
HOME-KETT-063,PrecisionPour Gooseneck Electric Kettle,PrecisionPour,Home and Kitchen,79.99,USD,"1-Degree Temp Control, Gooseneck Spout","{""Warranty"": ""1 Year"", ""Quality"": ""Premium""}",Shoppers interested in home and kitchen,"precisionpour gooseneck electric kettle, home and kitchen","precisionpour, retail product",Perfect pour-over water stream control,High grade material,Standard dimensions,Default,Standard weight,https://images.unsplash.com/photo-1523275335684-37898b6baf30?auto=format&fit=crop&w=600&q=80
HOME-BOWL-064,ArtisanCeramics Handcrafted Bowl Set (4-Pack),ArtisanCeramics,Home and Kitchen,45.0,USD,"Stoneware Reactive Glaze, Microwave Dishwasher Safe","{""Warranty"": ""1 Year"", ""Quality"": ""Premium""}",Shoppers interested in home and kitchen,"artisanceramics handcrafted bowl set (4-pack), home and kitchen","artisanceramics, retail product",Unique hand-painted stoneware glazes,High grade material,Standard dimensions,Default,Standard weight,https://images.unsplash.com/photo-1523275335684-37898b6baf30?auto=format&fit=crop&w=600&q=80
HOME-ORGAN-065,BambooChef Expandable Spice Rack,BambooChef,Home and Kitchen,29.99,USD,"Sustainable Moso Bamboo, 3 Tier Step Display","{""Warranty"": ""1 Year"", ""Quality"": ""Premium""}",Shoppers interested in home and kitchen,"bamboochef expandable spice rack, home and kitchen","bamboochef, retail product",Organizes up to 30 spice jars neatly,High grade material,Standard dimensions,Default,Standard weight,https://images.unsplash.com/photo-1523275335684-37898b6baf30?auto=format&fit=crop&w=600&q=80
BEAU-SERU-066,RadiantGlow Vitamin C + Ferulic Serum,RadiantGlow,Beauty and Personal Care,48.0,USD,"15% L-Ascorbic Acid, Hyaluronic Acid","{""Warranty"": ""1 Year"", ""Quality"": ""Premium""}",Shoppers interested in beauty and personal care,"radiantglow vitamin c + ferulic serum, beauty and personal care","radiantglow, retail product",Brightens dark spots in 14 days,High grade material,Standard dimensions,Default,Standard weight,https://images.unsplash.com/photo-1523275335684-37898b6baf30?auto=format&fit=crop&w=600&q=80
BEAU-DRY-067,SilkBlow Ionic Salon Hair Dryer,SilkBlow,Beauty and Personal Care,119.0,USD,"110k RPM Brushless Motor, Ionic Frizz Control","{""Warranty"": ""1 Year"", ""Quality"": ""Premium""}",Shoppers interested in beauty and personal care,"silkblow ionic salon hair dryer, beauty and personal care","silkblow, retail product",Dries hair 2x faster without heat damage,High grade material,Standard dimensions,Default,Standard weight,https://images.unsplash.com/photo-1523275335684-37898b6baf30?auto=format&fit=crop&w=600&q=80
BEAU-CREA-068,HydroPlump Ceramide Moisture Cream,HydroPlump,Beauty and Personal Care,42.5,USD,"5 Essential Ceramides, Peptide Matrix","{""Warranty"": ""1 Year"", ""Quality"": ""Premium""}",Shoppers interested in beauty and personal care,"hydroplump ceramide moisture cream, beauty and personal care","hydroplump, retail product",24-hour deep skin barrier repair,High grade material,Standard dimensions,Default,Standard weight,https://images.unsplash.com/photo-1523275335684-37898b6baf30?auto=format&fit=crop&w=600&q=80
BEAU-BRUS-069,SonicGleam Pro Electric Toothbrush,SonicGleam,Beauty and Personal Care,64.99,USD,"48,000 VPM Motor, 5 Custom Modes","{""Warranty"": ""1 Year"", ""Quality"": ""Premium""}",Shoppers interested in beauty and personal care,"sonicgleam pro electric toothbrush, beauty and personal care","sonicgleam, retail product",Removes 10x more plaque than manual brush,High grade material,Standard dimensions,Default,Standard weight,https://images.unsplash.com/photo-1523275335684-37898b6baf30?auto=format&fit=crop&w=600&q=80
BEAU-SUN-070,SunGuard Mineral Sunscreen SPF 50,SunGuard,Beauty and Personal Care,28.0,USD,"100% Non-Nano Zinc, Zero White Cast","{""Warranty"": ""1 Year"", ""Quality"": ""Premium""}",Shoppers interested in beauty and personal care,"sunguard mineral sunscreen spf 50, beauty and personal care","sunguard, retail product",Clear broad-spectrum reef-safe sun protection,High grade material,Standard dimensions,Default,Standard weight,https://images.unsplash.com/photo-1523275335684-37898b6baf30?auto=format&fit=crop&w=600&q=80
BEAU-PERF-071,VelvetOud Eau De Parfum Spray 100ml,VelvetOud,Beauty and Personal Care,95.0,USD,"Cambodian Oud & Amberwood, 12 Hr Projection","{""Warranty"": ""1 Year"", ""Quality"": ""Premium""}",Shoppers interested in beauty and personal care,"velvetoud eau de parfum spray 100ml, beauty and personal care","velvetoud, retail product",Exotic luxurious fragrance trail,High grade material,Standard dimensions,Default,Standard weight,https://images.unsplash.com/photo-1523275335684-37898b6baf30?auto=format&fit=crop&w=600&q=80
BEAU-MASK-072,GlowLED 7-Color Light Therapy Face Mask,GlowLED,Beauty and Personal Care,149.0,USD,"Medical Grade LED Diodes, Red/Blue/Near-IR","{""Warranty"": ""1 Year"", ""Quality"": ""Premium""}",Shoppers interested in beauty and personal care,"glowled 7-color light therapy face mask, beauty and personal care","glowled, retail product",Stimulates collagen & reduces acne at home,High grade material,Standard dimensions,Default,Standard weight,https://images.unsplash.com/photo-1523275335684-37898b6baf30?auto=format&fit=crop&w=600&q=80
BEAU-OIL-073,ArganLux 100% Pure Moroccan Argan Oil,ArganLux,Beauty and Personal Care,24.0,USD,"Cold Pressed Organic Argan, Hair & Skin","{""Warranty"": ""1 Year"", ""Quality"": ""Premium""}",Shoppers interested in beauty and personal care,"arganlux 100% pure moroccan argan oil, beauty and personal care","arganlux, retail product",Deep nourishing shine for dry hair & cuticles,High grade material,Standard dimensions,Default,Standard weight,https://images.unsplash.com/photo-1523275335684-37898b6baf30?auto=format&fit=crop&w=600&q=80
BEAU-LIP-074,VelvetMatte Liquid Lip Color Trio,VelvetMatte,Beauty and Personal Care,36.0,USD,"16-Hour Transfer Proof, Hydrating Vitamin E","{""Warranty"": ""1 Year"", ""Quality"": ""Premium""}",Shoppers interested in beauty and personal care,"velvetmatte liquid lip color trio, beauty and personal care","velvetmatte, retail product",Weightless matte color that lasts all day,High grade material,Standard dimensions,Default,Standard weight,https://images.unsplash.com/photo-1523275335684-37898b6baf30?auto=format&fit=crop&w=600&q=80
BEAU-SCAL-075,ScalpTherapy Sonic Massager Brush,ScalpTherapy,Beauty and Personal Care,32.0,USD,"Red Light LED + Sonic Vibration, Waterproof","{""Warranty"": ""1 Year"", ""Quality"": ""Premium""}",Shoppers interested in beauty and personal care,"scalptherapy sonic massager brush, beauty and personal care","scalptherapy, retail product",Promotes hair growth & relieves scalp tension,High grade material,Standard dimensions,Default,Standard weight,https://images.unsplash.com/photo-1523275335684-37898b6baf30?auto=format&fit=crop&w=600&q=80
BEAU-SHAV-076,BarberPrecision Cordless Foil Shaver,BarberPrecision,Beauty and Personal Care,89.0,USD,"Hypoallergenic Titanium Foil, 9000 RPM Motor","{""Warranty"": ""1 Year"", ""Quality"": ""Premium""}",Shoppers interested in beauty and personal care,"barberprecision cordless foil shaver, beauty and personal care","barberprecision, retail product",Ultra-close zero-gap shave without razor bumps,High grade material,Standard dimensions,Default,Standard weight,https://images.unsplash.com/photo-1523275335684-37898b6baf30?auto=format&fit=crop&w=600&q=80
BEAU-EYE-077,YouthEye Peptide Recovery Eye Cream,YouthEye,Beauty and Personal Care,38.0,USD,"Caffeine + Niacinamide, Cooling Metal Tip","{""Warranty"": ""1 Year"", ""Quality"": ""Premium""}",Shoppers interested in beauty and personal care,"youtheye peptide recovery eye cream, beauty and personal care","youtheye, retail product",Reduces dark circles & puffy under-eye bags,High grade material,Standard dimensions,Default,Standard weight,https://images.unsplash.com/photo-1523275335684-37898b6baf30?auto=format&fit=crop&w=600&q=80
SPOR-MAT-078,ZenMat Extra Thick Non-Slip Yoga Mat,ZenMat,Sports and Fitness,45.0,USD,"6mm TPE Foam, Laser Alignment Lines","{""Warranty"": ""1 Year"", ""Quality"": ""Premium""}",Shoppers interested in sports and fitness,"zenmat extra thick non-slip yoga mat, sports and fitness","zenmat, retail product",Joint cushioning with precision alignment,High grade material,Standard dimensions,Default,Standard weight,https://images.unsplash.com/photo-1523275335684-37898b6baf30?auto=format&fit=crop&w=600&q=80
SPOR-DUMB-079,FlexBell 50 lb Adjustable Dumbbells,FlexBell,Sports and Fitness,299.99,USD,"5-50 lb Dial Adjustment, Compact Storage","{""Warranty"": ""1 Year"", ""Quality"": ""Premium""}",Shoppers interested in sports and fitness,"flexbell 50 lb adjustable dumbbells, sports and fitness","flexbell, retail product",Replaces 10 pairs of weights in one dial,High grade material,Standard dimensions,Default,Standard weight,https://images.unsplash.com/photo-1523275335684-37898b6baf30?auto=format&fit=crop&w=600&q=80
SPOR-BOTT-080,HydroFlow 32oz Insulated Water Bottle,HydroFlow,Sports and Fitness,32.99,USD,"Double Wall Vacuum, 24 Hr Cold","{""Warranty"": ""1 Year"", ""Quality"": ""Premium""}",Shoppers interested in sports and fitness,"hydroflow 32oz insulated water bottle, sports and fitness","hydroflow, retail product",Sweat-free icy hydration all day,High grade material,Standard dimensions,Default,Standard weight,https://images.unsplash.com/photo-1523275335684-37898b6baf30?auto=format&fit=crop&w=600&q=80
SPOR-BAND-081,PowerFlex Heavy Duty Resistance Bands,PowerFlex,Sports and Fitness,24.95,USD,"5 Latex Levels, Handles & Door Anchor","{""Warranty"": ""1 Year"", ""Quality"": ""Premium""}",Shoppers interested in sports and fitness,"powerflex heavy duty resistance bands, sports and fitness","powerflex, retail product",Versatile full body workout anywhere,High grade material,Standard dimensions,Default,Standard weight,https://images.unsplash.com/photo-1523275335684-37898b6baf30?auto=format&fit=crop&w=600&q=80
SPOR-BIKE-082,VelocityPro Magnetic Spin Bike,VelocityPro,Sports and Fitness,449.0,USD,"35 lb Flywheel, Magnetic Resistance","{""Warranty"": ""1 Year"", ""Quality"": ""Premium""}",Shoppers interested in sports and fitness,"velocitypro magnetic spin bike, sports and fitness","velocitypro, retail product",Whisper quiet indoor studio cycling,High grade material,Standard dimensions,Default,Standard weight,https://images.unsplash.com/photo-1523275335684-37898b6baf30?auto=format&fit=crop&w=600&q=80
SPOR-ROPE-083,SpeedBurn Pro Bearing Jump Rope,SpeedBurn,Sports and Fitness,18.99,USD,"360 Swivel Ball Bearings, Adjustable Steel Cable","{""Warranty"": ""1 Year"", ""Quality"": ""Premium""}",Shoppers interested in sports and fitness,"speedburn pro bearing jump rope, sports and fitness","speedburn, retail product",Frictionless double-unders speed jump rope,High grade material,Standard dimensions,Default,Standard weight,https://images.unsplash.com/photo-1523275335684-37898b6baf30?auto=format&fit=crop&w=600&q=80
SPOR-ROLLER-084,DeepRelief Vibration Foam Roller,DeepRelief,Sports and Fitness,69.99,USD,"4 Intensity Vibration Speeds, High Density Grid","{""Warranty"": ""1 Year"", ""Quality"": ""Premium""}",Shoppers interested in sports and fitness,"deeprelief vibration foam roller, sports and fitness","deeprelief, retail product",Accelerates muscle recovery & flushes soreness,High grade material,Standard dimensions,Default,Standard weight,https://images.unsplash.com/photo-1523275335684-37898b6baf30?auto=format&fit=crop&w=600&q=80
SPOR-BENCH-085,IronGrip Heavy-Duty Adjustable Weight Bench,IronGrip,Sports and Fitness,159.0,USD,"800 lb Capacity, 7 Backrest Incline Angles","{""Warranty"": ""1 Year"", ""Quality"": ""Premium""}",Shoppers interested in sports and fitness,"irongrip heavy-duty adjustable weight bench, sports and fitness","irongrip, retail product",Commercial grade steel bench for home workouts,High grade material,Standard dimensions,Default,Standard weight,https://images.unsplash.com/photo-1523275335684-37898b6baf30?auto=format&fit=crop&w=600&q=80
SPOR-GLOV-086,ProStrike 16oz Gel Boxing Gloves,ProStrike,Sports and Fitness,59.0,USD,"Multi-Layer Gel Padding, Breathable Mesh Palm","{""Warranty"": ""1 Year"", ""Quality"": ""Premium""}",Shoppers interested in sports and fitness,"prostrike 16oz gel boxing gloves, sports and fitness","prostrike, retail product",Maximum knuckle protection for heavy bag training,High grade material,Standard dimensions,Default,Standard weight,https://images.unsplash.com/photo-1523275335684-37898b6baf30?auto=format&fit=crop&w=600&q=80
SPOR-TENT-087,AlpinePeak 4-Person Waterproof Camping Tent,AlpinePeak,Sports and Fitness,139.0,USD,"3000mm Rainfly Coating, 5-Minute Setup","{""Warranty"": ""1 Year"", ""Quality"": ""Premium""}",Shoppers interested in sports and fitness,"alpinepeak 4-person waterproof camping tent, sports and fitness","alpinepeak, retail product",Weatherproof shelter for outdoor weekend camping,High grade material,Standard dimensions,Default,Standard weight,https://images.unsplash.com/photo-1523275335684-37898b6baf30?auto=format&fit=crop&w=600&q=80
SPOR-PADD-088,AquaGlide Inflatable Stand-Up Paddleboard,AquaGlide,Sports and Fitness,329.0,USD,"6-Inch Drop Stitch PVC, Dual Action Pump & Paddle","{""Warranty"": ""1 Year"", ""Quality"": ""Premium""}",Shoppers interested in sports and fitness,"aquaglide inflatable stand-up paddleboard, sports and fitness","aquaglide, retail product",Ultra stable paddleboard bundle with backpack,High grade material,Standard dimensions,Default,Standard weight,https://images.unsplash.com/photo-1523275335684-37898b6baf30?auto=format&fit=crop&w=600&q=80
SPOR-GUN-089,PulseRelief Deep Tissue Massage Gun,PulseRelief,Sports and Fitness,89.0,USD,"Brushless High Torque Motor, 6 Attachment Heads","{""Warranty"": ""1 Year"", ""Quality"": ""Premium""}",Shoppers interested in sports and fitness,"pulserelief deep tissue massage gun, sports and fitness","pulserelief, retail product",12mm amplitude percussive muscle therapy,High grade material,Standard dimensions,Default,Standard weight,https://images.unsplash.com/photo-1523275335684-37898b6baf30?auto=format&fit=crop&w=600&q=80
GROC-COFF-090,Organic Peak Arabica Whole Bean Coffee 2 lb,Organic Peak,Grocery,24.99,USD,"100% Fair Trade Organic, Medium Dark Roast","{""Warranty"": ""1 Year"", ""Quality"": ""Premium""}",Shoppers interested in grocery,"organic peak arabica whole bean coffee 2 lb, grocery","organic peak, retail product",Single origin Ethiopian aromatic dark roast,High grade material,Standard dimensions,Default,Standard weight,https://images.unsplash.com/photo-1523275335684-37898b6baf30?auto=format&fit=crop&w=600&q=80
GROC-OIL-091,TuscanGold Extra Virgin Olive Oil 1L,TuscanGold,Grocery,21.5,USD,"First Cold Pressed, Acidity < 0.3%","{""Warranty"": ""1 Year"", ""Quality"": ""Premium""}",Shoppers interested in grocery,"tuscangold extra virgin olive oil 1l, grocery","tuscangold, retail product",Fresh peppery early harvest estate olive oil,High grade material,Standard dimensions,Default,Standard weight,https://images.unsplash.com/photo-1523275335684-37898b6baf30?auto=format&fit=crop&w=600&q=80
GROC-HON-092,NatureBee Raw Wildflower Honey 24oz,NatureBee,Grocery,16.99,USD,"100% Raw & Unfiltered, Natural Pollen","{""Warranty"": ""1 Year"", ""Quality"": ""Premium""}",Shoppers interested in grocery,"naturebee raw wildflower honey 24oz, grocery","naturebee, retail product",Untouched natural wildflower hive honey,High grade material,Standard dimensions,Default,Standard weight,https://images.unsplash.com/photo-1523275335684-37898b6baf30?auto=format&fit=crop&w=600&q=80
GROC-TEA-093,ZenMatcha Ceremonial Grade Powder 100g,ZenMatcha,Grocery,29.99,USD,"First Harvest Spring Leaves, Uji Kyoto Japan","{""Warranty"": ""1 Year"", ""Quality"": ""Premium""}",Shoppers interested in grocery,"zenmatcha ceremonial grade powder 100g, grocery","zenmatcha, retail product",Vibrant green umami matcha without bitterness,High grade material,Standard dimensions,Default,Standard weight,https://images.unsplash.com/photo-1523275335684-37898b6baf30?auto=format&fit=crop&w=600&q=80
GROC-OAT-094,PureHarvest Gluten Free Organic Rolled Oats 3 lb,PureHarvest,Grocery,12.99,USD,"Certified Gluten-Free, Whole Grain Thick Cut","{""Warranty"": ""1 Year"", ""Quality"": ""Premium""}",Shoppers interested in grocery,"pureharvest gluten free organic rolled oats 3 lb, grocery","pureharvest, retail product",Creamy thick-cut overnight oatmeal staple,High grade material,Standard dimensions,Default,Standard weight,https://images.unsplash.com/photo-1523275335684-37898b6baf30?auto=format&fit=crop&w=600&q=80
GROC-CHO-095,CocoaCraft 85% Single Origin Dark Chocolate (6-Pack),CocoaCraft,Grocery,22.0,USD,"85% Ecuadorian Organic Cacao, Fair Trade Certified","{""Warranty"": ""1 Year"", ""Quality"": ""Premium""}",Shoppers interested in grocery,"cocoacraft 85% single origin dark chocolate (6-pack), grocery","cocoacraft, retail product",Rich antioxidant rich dark chocolate bars,High grade material,Standard dimensions,Default,Standard weight,https://images.unsplash.com/photo-1523275335684-37898b6baf30?auto=format&fit=crop&w=600&q=80
GROC-NUT-096,NaturaNuts Raw Organic Macadamia Nuts 1 lb,NaturaNuts,Grocery,19.99,USD,"Whole Style 1 Raw Macadamias, Unsalted","{""Warranty"": ""1 Year"", ""Quality"": ""Premium""}",Shoppers interested in grocery,"naturanuts raw organic macadamia nuts 1 lb, grocery","naturanuts, retail product",Rich buttery keto friendly raw macadamia nuts,High grade material,Standard dimensions,Default,Standard weight,https://images.unsplash.com/photo-1523275335684-37898b6baf30?auto=format&fit=crop&w=600&q=80
GROC-SALT-097,HimalayanPure Pink Coarse Salt Grinder 1.5 lb,HimalayanPure,Grocery,14.5,USD,"100% Natural Pink Mineral Salt, Ceramic Grinder","{""Warranty"": ""1 Year"", ""Quality"": ""Premium""}",Shoppers interested in grocery,"himalayanpure pink coarse salt grinder 1.5 lb, grocery","himalayanpure, retail product",84 trace minerals in natural pink crystal salt,High grade material,Standard dimensions,Default,Standard weight,https://images.unsplash.com/photo-1523275335684-37898b6baf30?auto=format&fit=crop&w=600&q=80
GROC-MAPL-098,VermontGold Grade A Amber Maple Syrup 32oz,VermontGold,Grocery,23.99,USD,"100% Pure Vermont Maple, Rich Amber Taste","{""Warranty"": ""1 Year"", ""Quality"": ""Premium""}",Shoppers interested in grocery,"vermontgold grade a amber maple syrup 32oz, grocery","vermontgold, retail product",Traditional wood-fired maple syrup jug,High grade material,Standard dimensions,Default,Standard weight,https://images.unsplash.com/photo-1523275335684-37898b6baf30?auto=format&fit=crop&w=600&q=80
GROC-CHIA-099,SuperSeed Organic Black Chia Seeds 2 lb,SuperSeed,Grocery,11.99,USD,"Raw Non-GMO Black Chia, High Omega-3 & Fiber","{""Warranty"": ""1 Year"", ""Quality"": ""Premium""}",Shoppers interested in grocery,"superseed organic black chia seeds 2 lb, grocery","superseed, retail product",Nutrient-dense superfood for smoothies & puddings,High grade material,Standard dimensions,Default,Standard weight,https://images.unsplash.com/photo-1523275335684-37898b6baf30?auto=format&fit=crop&w=600&q=80
FURN-CHAI-100,ErgoFlex Mesh High-Back Office Chair,ErgoFlex,Furniture,249.99,USD,"2D Dynamic Lumbar, 3D Armrests, Breathable Mesh","{""Warranty"": ""1 Year"", ""Quality"": ""Premium""}",Shoppers interested in furniture,"ergoflex mesh high-back office chair, furniture","ergoflex, retail product",Ergonomic support for 10-hour workdays,High grade material,Standard dimensions,Default,Standard weight,https://images.unsplash.com/photo-1523275335684-37898b6baf30?auto=format&fit=crop&w=600&q=80
FURN-DESK-101,"ModuDesk Motorized Electric Standing Desk 55""",ModuDesk,Furniture,399.0,USD,"Dual Motor Elevation, 4 Memory Presets, Walnut Top","{""Warranty"": ""1 Year"", ""Quality"": ""Premium""}",Shoppers interested in furniture,"modudesk motorized electric standing desk 55"", furniture","modudesk, retail product",Smooth sit-stand transitions for healthy work,High grade material,Standard dimensions,Default,Standard weight,https://images.unsplash.com/photo-1523275335684-37898b6baf30?auto=format&fit=crop&w=600&q=80
FURN-SOFA-102,HavenNordic 3-Seater Velvet Sofa,HavenNordic,Furniture,699.0,USD,"Stain-Resistant Velvet, Hardwood Frame","{""Warranty"": ""1 Year"", ""Quality"": ""Premium""}",Shoppers interested in furniture,"havennordic 3-seater velvet sofa, furniture","havennordic, retail product",Mid-century Scandinavian velvet couch,High grade material,Standard dimensions,Default,Standard weight,https://images.unsplash.com/photo-1523275335684-37898b6baf30?auto=format&fit=crop&w=600&q=80
FURN-BOOK-103,CraftWood 5-Tier Industrial Bookshelf,CraftWood,Furniture,149.5,USD,"Thick Rustic Oak Shelves, Steel X-Brace Frame","{""Warranty"": ""1 Year"", ""Quality"": ""Premium""}",Shoppers interested in furniture,"craftwood 5-tier industrial bookshelf, furniture","craftwood, retail product",Rugged steel framing with rustic wood shelves,High grade material,Standard dimensions,Default,Standard weight,https://images.unsplash.com/photo-1523275335684-37898b6baf30?auto=format&fit=crop&w=600&q=80
FURN-LAMP-104,LuminaArc Dimmable Modern Floor Lamp,LuminaArc,Furniture,89.99,USD,"Overarching Arc Design, Weighted Marble Base","{""Warranty"": ""1 Year"", ""Quality"": ""Premium""}",Shoppers interested in furniture,"luminaarc dimmable modern floor lamp, furniture","luminaarc, retail product",Dramatic sweeping overhead reading light,High grade material,Standard dimensions,Default,Standard weight,https://images.unsplash.com/photo-1523275335684-37898b6baf30?auto=format&fit=crop&w=600&q=80
FURN-TABL-105,UrbanNest Extendable Dining Table,UrbanNest,Furniture,529.0,USD,"Hidden Butterfly Leaf, Solid Oak Finish","{""Warranty"": ""1 Year"", ""Quality"": ""Premium""}",Shoppers interested in furniture,"urbannest extendable dining table, furniture","urbannest, retail product",Expands from 6 to 8 seats in 15 seconds,High grade material,Standard dimensions,Default,Standard weight,https://images.unsplash.com/photo-1523275335684-37898b6baf30?auto=format&fit=crop&w=600&q=80
FURN-BED-106,NordicRest Solid Walnut Platform Bed (Queen),NordicRest,Furniture,599.0,USD,"100% Solid American Walnut, Wooden Slat Support","{""Warranty"": ""1 Year"", ""Quality"": ""Premium""}",Shoppers interested in furniture,"nordicrest solid walnut platform bed (queen), furniture","nordicrest, retail product",Minimalist Japanese modern platform bed frame,High grade material,Standard dimensions,Default,Standard weight,https://images.unsplash.com/photo-1523275335684-37898b6baf30?auto=format&fit=crop&w=600&q=80
FURN-SIDE-107,RetroGrain Mid-Century Nightstand Table,RetroGrain,Furniture,119.0,USD,"Solid Rubberwood, Dovetail Drawer","{""Warranty"": ""1 Year"", ""Quality"": ""Premium""}",Shoppers interested in furniture,"retrograin mid-century nightstand table, furniture","retrograin, retail product",Warm retro wood nightstand with cable slot,High grade material,Standard dimensions,Default,Standard weight,https://images.unsplash.com/photo-1523275335684-37898b6baf30?auto=format&fit=crop&w=600&q=80
FURN-CAB-108,ModernArt 4-Door Sideboard Credenza,ModernArt,Furniture,449.0,USD,"Fluted Wood Panel Doors, Adjustable Shelving","{""Warranty"": ""1 Year"", ""Quality"": ""Premium""}",Shoppers interested in furniture,"modernart 4-door sideboard credenza, furniture","modernart, retail product",Elegant entryway storage & media credenza,High grade material,Standard dimensions,Default,Standard weight,https://images.unsplash.com/photo-1523275335684-37898b6baf30?auto=format&fit=crop&w=600&q=80
FURN-STOO-109,LoftBar Leather Swivel Bar Stools (Pair),LoftBar,Furniture,179.0,USD,"Padded Saddle Faux Leather, Gas Lift Height","{""Warranty"": ""1 Year"", ""Quality"": ""Premium""}",Shoppers interested in furniture,"loftbar leather swivel bar stools (pair), furniture","loftbar, retail product",360-degree swivel kitchen island counter stool,High grade material,Standard dimensions,Default,Standard weight,https://images.unsplash.com/photo-1523275335684-37898b6baf30?auto=format&fit=crop&w=600&q=80
TRAV-SUIT-110,"NomadVoyage Hardside Spinner Carry-On 21""",NomadVoyage,Travel Accessories,149.0,USD,"German Polycarbonate, Hinomoto Wheels, USB Port","{""Warranty"": ""1 Year"", ""Quality"": ""Premium""}",Shoppers interested in travel accessories,"nomadvoyage hardside spinner carry-on 21"", travel accessories","nomadvoyage, retail product",Lightweight carry-on with Japanese silent wheels,High grade material,Standard dimensions,Default,Standard weight,https://images.unsplash.com/photo-1523275335684-37898b6baf30?auto=format&fit=crop&w=600&q=80
TRAV-PACK-111,OrganiTravel Compression Packing Cubes 6-Set,OrganiTravel,Travel Accessories,34.99,USD,"Double Zip Compression, Water Resistant Nylon","{""Warranty"": ""1 Year"", ""Quality"": ""Premium""}",Shoppers interested in travel accessories,"organitravel compression packing cubes 6-set, travel accessories","organitravel, retail product",Saves 60% luggage space neatly,High grade material,Standard dimensions,Default,Standard weight,https://images.unsplash.com/photo-1523275335684-37898b6baf30?auto=format&fit=crop&w=600&q=80
TRAV-PILL-112,DreamFlight Ergonomic Memory Foam Pillow,DreamFlight,Travel Accessories,27.5,USD,"360 Chin Support, Compressible Memory Foam","{""Warranty"": ""1 Year"", ""Quality"": ""Premium""}",Shoppers interested in travel accessories,"dreamflight ergonomic memory foam pillow, travel accessories","dreamflight, retail product",Prevents neck stiffness on long-haul flights,High grade material,Standard dimensions,Default,Standard weight,https://images.unsplash.com/photo-1523275335684-37898b6baf30?auto=format&fit=crop&w=600&q=80
TRAV-ADAP-113,GlobalConnect Universal Travel Adapter 35W PD,GlobalConnect,Travel Accessories,24.99,USD,"150+ Country Compatibility, 35W USB-C PD","{""Warranty"": ""1 Year"", ""Quality"": ""Premium""}",Shoppers interested in travel accessories,"globalconnect universal travel adapter 35w pd, travel accessories","globalconnect, retail product",Powers 6 devices worldwide with smart fuse,High grade material,Standard dimensions,Default,Standard weight,https://images.unsplash.com/photo-1523275335684-37898b6baf30?auto=format&fit=crop&w=600&q=80
